{
  "extensions": [
    {
      "name": "Startup",
      "typeName": "Microsoft.Azure.WebJobs.Extensions.FunctionMetadataLoader.Startup, Microsoft.Azure.WebJobs.Extensions.FunctionMetadataLoader, Version=1.0.0.0, Culture=neutral, PublicKeyToken=551316b6919f366c",
      "hintPath": "./.azurefunctions/Microsoft.Azure.WebJobs.Extensions.FunctionMetadataLoader.dll"
    },
    {
      "name": "SqlBinding",
      "typeName": "Microsoft.Azure.WebJobs.Extensions.Sql.SqlBindingStartup, Microsoft.Azure.WebJobs.Extensions.Sql, Version=3.0.461.0, Culture=neutral, PublicKeyToken=89845dcd8080cc91",
      "hintPath": "./.azurefunctions/Microsoft.Azure.WebJobs.Extensions.Sql.dll"
    },
    {
      "name": "AzureStorageQueues",
      "typeName": "Microsoft.Azure.WebJobs.Extensions.Storage.AzureStorageQueuesWebJobsStartup, Microsoft.Azure.WebJobs.Extensions.Storage.Queues, Version=5.3.6.0, Culture=neutral, PublicKeyToken=92742159e12e44c8",
      "hintPath": "./.azurefunctions/Microsoft.Azure.WebJobs.Extensions.Storage.Queues.dll"
    }
  ]
}